trace,y,x,z,z_anomaly,code
1,42.43355959,-8.636974659,3.405,,
3,42.43355943,-8.636974968,3.404,,
14,42.43355841,-8.636976823,3.425,,
30,42.43355696,-8.636979881,3.401,,
49,42.43355496,-8.636983286,3.406,,
69,42.43355292,-8.636987479,3.397,2.6311,pipe
89,42.43355086,-8.636991299,3.388,2.6873,pipe
107,42.43354894,-8.636995043,3.406,2.7475,pipe
123,42.43354718,-8.636998693,3.440,2.7829,pipe
136,42.43354588,-8.637001323,3.425,2.7352,pipe
140,42.43354532,-8.637002545,3.409,2.7083,pipe
144,42.43354501,-8.637003294,3.414,2.6997,pipe
160,42.43354364,-8.637005972,3.405,,
179,42.43354177,-8.637009963,3.396,,
199,42.43353977,-8.637013835,3.400,,
222,42.43353766,-8.637018484,3.411,,
246,42.43353516,-8.637023161,3.413,2.3183,defect
268,42.43353306,-8.637027959,3.389,2.2858,defect
291,42.43353071,-8.637032551,3.407,2.3038,defect
313,42.43352847,-8.637037147,3.415,2.3372,defect
336,42.43352626,-8.637041735,3.408,2.3574,defect
360,42.43352394,-8.637046671,3.422,2.3677,defect
382,42.43352165,-8.637051375,3.411,,
405,42.43351938,-8.637056092,3.399,,
428,42.43351722,-8.637060629,3.392,,
451,42.43351513,-8.637065361,3.395,,
474,42.43351289,-8.637070092,3.397,,
496,42.4335107,-8.637074676,3.388,,
518,42.43350852,-8.637079478,3.394,,
535,42.43350665,-8.637083071,3.398,,
555,42.43350491,-8.637086907,3.397,,
573,42.43350284,-8.63709157,3.398,,
600,42.43350068,-8.637096206,3.408,,
625,42.43349851,-8.637101587,3.386,,
651,42.43349604,-8.637106752,3.379,2.9503,defect
676,42.43349363,-8.63711207,3.387,3.1106,defect
698,42.43349143,-8.637116756,3.391,3.2316,defect
719,42.4334894,-8.637121228,3.394,3.2387,defect
741,42.43348729,-8.637125925,3.382,2.8962,defect
763,42.43348512,-8.637130405,3.371,2.8254,defect
786,42.43348273,-8.637135352,3.405,,
810,42.43348055,-8.637140019,3.406,2.3082,defect
833,42.43347826,-8.637144826,3.368,2.4117,defect
857,42.43347601,-8.637149712,3.385,2.4355,defect
880,42.43347384,-8.637154537,3.367,2.3943,defect
902,42.43347172,-8.637159167,3.379,2.4213,defect
922,42.43346975,-8.637163197,3.387,2.4511,defect
944,42.43346768,-8.637167643,3.373,,
966,42.43346543,-8.637172376,3.390,,
991,42.43346301,-8.637177527,3.383,,
1015,42.43346057,-8.637182446,3.356,,
1040,42.43345764,-8.637187693,3.367,,
1067,42.43345486,-8.637192641,3.359,,
1094,42.43345204,-8.63719808,3.363,,
1122,42.43344912,-8.637203518,3.359,,
1149,42.43344635,-8.637208985,3.330,,
1175,42.43344362,-8.637214112,3.351,,
1201,42.43344118,-8.637219208,3.339,3.2524,bump
1225,42.43343887,-8.63722439,3.308,3.2281,bump
1251,42.43343623,-8.637229529,3.344,3.2695,bump
1276,42.4334338,-8.63723486,3.312,3.2427,bump
1301,42.43343142,-8.637240169,3.327,3.2628,bump
1326,42.43342907,-8.637245331,3.329,3.2648,bump
1351,42.43342668,-8.637250626,3.330,3.2658,bump
1377,42.43342433,-8.637255875,3.323,3.2534,bump
1404,42.43342195,-8.637261422,3.325,3.2499,bump
1430,42.43341971,-8.637266725,3.329,3.2539,bump
1453,42.43341761,-8.637271272,3.369,3.2885,bump
1471,42.43341596,-8.637275402,3.379,3.2930,bump
1486,42.43341459,-8.637278772,3.387,3.3010,bump
1503,42.43341307,-8.637282588,3.413,3.3270,bump
1522,42.43341117,-8.63728686,3.414,3.3280,bump
1546,42.4334092,-8.637292108,3.350,3.2640,bump
1566,42.43340746,-8.637296243,3.397,3.3110,bump
1585,42.43340564,-8.637300116,3.439,3.3530,bump
1602,42.43340432,-8.637304479,3.354,3.2618,bump
1621,42.43340283,-8.63730818,3.368,3.2712,bump
1640,42.4334011,-8.637311729,3.408,3.3112,bump
1658,42.43339948,-8.637315617,3.420,3.3232,bump
1676,42.43339769,-8.637319798,3.411,3.3142,bump
1693,42.43339631,-8.63732342,3.476,3.3792,bump
1711,42.4333949,-8.637327034,3.441,3.3465,bump
1727,42.43339342,-8.637330917,3.437,3.3456,bump
1744,42.43339185,-8.63733491,3.416,3.3246,bump
1765,42.4333901,-8.637339314,3.377,3.2910,bump
1789,42.43338814,-8.637344506,3.384,3.3035,bump
1812,42.43338681,-8.6373494,3.308,3.2336,bump
1835,42.43338489,-8.637354308,3.313,3.2468,bump
1859,42.43338337,-8.637359272,3.271,3.2068,bump
1885,42.43338166,-8.637364562,3.298,3.2372,bump
1906,42.43337975,-8.637369571,3.313,3.2597,bump
1929,42.43337799,-8.637374636,3.360,3.3067,bump
1953,42.43337629,-8.637380101,3.318,3.2647,bump
1975,42.43337495,-8.637385257,3.324,3.2707,bump
1997,42.43337349,-8.6373901,3.340,3.2867,bump
2018,42.43337226,-8.63739515,3.304,3.2507,bump
2042,42.43337016,-8.637400757,3.426,3.3727,bump
2066,42.43336939,-8.637405657,3.412,3.3587,bump
2090,42.43336825,-8.637410997,3.377,,
2111,42.43336705,-8.637416089,3.368,,
2134,42.43336601,-8.637421545,3.409,,
2158,42.43336431,-8.637427303,3.391,,
2178,42.43336344,-8.637432232,3.401,2.6446,defect
2200,42.43336238,-8.637436824,3.380,2.5977,defect
2222,42.43336135,-8.637442105,3.425,2.3684,defect
2247,42.43336044,-8.637447563,3.437,2.4929,defect
2273,42.43335968,-8.637453151,3.401,2.3431,defect
2303,42.43335891,-8.637459598,3.402,2.4185,defect
2341,42.43336116,-8.637464608,3.372,,
2382,42.43336551,-8.637467842,3.324,,
2413,42.43336788,-8.637466457,3.295,,
2415,42.43336725,-8.637466169,3.291,,
2432,42.4333686,-8.637462276,3.296,2.6871,bump
2455,42.43336982,-8.637457091,3.280,2.7024,bump
2479,42.43337111,-8.637451419,3.294,2.7375,bump
2503,42.43337249,-8.637445905,3.281,2.7911,bump
2525,42.43337429,-8.637440654,3.273,2.5805,bump
2547,42.43337546,-8.637435802,3.267,2.5691,bump
2567,42.43337691,-8.637430981,3.284,2.6541,bump
2587,42.43337795,-8.637426573,3.250,2.6993,bump
2605,42.43337914,-8.63742235,3.243,2.6838,bump
2621,42.43338004,-8.637418415,3.246,3.1600,bump
2643,42.43338149,-8.637413772,3.250,3.1532,bump
2664,42.4333828,-8.637408964,3.234,3.1242,bump
2683,42.43338399,-8.637404773,3.239,3.1129,bump
2701,42.43338503,-8.637400536,3.254,3.1136,bump
2722,42.43338711,-8.63739561,3.330,3.1842,bump
2742,42.43338807,-8.63739075,3.322,3.1762,bump
2763,42.43338967,-8.637386117,3.310,3.1642,bump
2785,42.43339084,-8.637381404,3.310,3.1642,bump
2806,42.43339239,-8.637376793,3.325,3.1792,bump
2826,42.43339404,-8.637372104,3.324,3.1836,bump
2848,42.43339563,-8.637367326,3.322,3.1871,bump
2868,42.43339664,-8.637362824,3.333,3.2035,bump
2888,42.43339821,-8.637358663,3.373,3.2496,bump
2907,42.43339954,-8.637354194,3.380,3.2668,bump
2924,42.43340081,-8.637350395,3.408,3.3057,bump
2942,42.43340215,-8.637346388,3.416,3.3037,bump
2959,42.4334037,-8.637341838,3.371,3.2658,bump
2979,42.43340521,-8.637337847,3.413,3.3107,bump
3004,42.43340731,-8.637332206,3.417,3.3147,bump
3027,42.43340908,-8.6373272,3.404,3.2971,bump
3051,42.43341103,-8.637322037,3.402,3.2888,bump
3072,42.433413,-8.637317211,3.392,3.2695,bump
3094,42.43341499,-8.637312363,3.358,3.2340,bump
3114,42.43341667,-8.637307957,3.396,3.2720,bump
3134,42.43341811,-8.637303616,3.426,3.3020,bump
3154,42.43342009,-8.637299633,3.424,3.3049,bump
3175,42.43342182,-8.637295236,3.428,3.3148,bump
3193,42.43342388,-8.637290616,3.393,3.2798,bump
3216,42.43342603,-8.637285956,3.373,3.2653,bump
3240,42.43342818,-8.637280948,3.317,3.2093,bump
3258,42.43343008,-8.637276275,3.302,3.1943,bump
3286,42.43343234,-8.637271611,3.273,3.1653,bump
3307,42.43343443,-8.637267093,3.264,3.1610,bump
3328,42.43343623,-8.63726277,3.291,3.1996,bump
3350,42.43343821,-8.637258258,3.315,3.2236,bump
3370,42.43344008,-8.637253765,3.304,3.2126,bump
3392,42.43344209,-8.637249202,3.312,3.2206,bump
3415,42.43344407,-8.63724459,3.320,3.2232,bump
3436,42.43344638,-8.637240071,3.329,3.2158,bump
3457,42.43344861,-8.63723578,3.307,,
3476,42.43345052,-8.637231638,3.334,,
3494,42.43345243,-8.637227964,3.340,,
3515,42.43345466,-8.637223906,3.355,,
3537,42.43345695,-8.637219547,3.330,,
3557,42.43345916,-8.637215472,3.332,,
3575,42.43346127,-8.637212015,3.321,,
3590,42.43346304,-8.637208907,3.350,,
3608,42.43346492,-8.637205697,3.359,,
3618,42.43346632,-8.637203239,3.368,,
3619,42.43346668,-8.637202839,3.364,,
3624,42.4334671,-8.637201934,3.350,,
3637,42.43346829,-8.6372,3.350,,
3656,42.43347029,-8.637196587,3.349,,
3674,42.43347247,-8.637192857,3.362,,
3697,42.43347492,-8.637188851,3.367,,
3718,42.43347728,-8.637184977,3.362,,
3741,42.43347977,-8.637180513,3.355,,
3761,42.43348203,-8.637176238,3.372,1.1210,defect
3782,42.43348416,-8.637172339,3.339,1.1560,defect
3802,42.43348633,-8.637168373,3.365,1.2119,defect
3824,42.4334885,-8.637163935,3.351,1.1993,defect
3848,42.43349081,-8.637159279,3.365,1.2337,defect
3866,42.43349287,-8.63715525,3.372,2.6108,defect
3887,42.4334947,-8.637151296,3.349,2.5946,defect
3907,42.43349677,-8.637146975,3.348,2.5984,defect
3929,42.4334989,-8.637142684,3.356,2.5561,defect
3947,42.43350068,-8.637138888,3.354,2.5264,defect
3964,42.4335025,-8.637135282,3.360,2.5288,defect
3983,42.43350436,-8.637131568,3.350,2.5133,defect
4003,42.43350638,-8.637127403,3.372,2.5353,defect
4020,42.433508,-8.637123996,3.350,2.5242,defect
4039,42.43350985,-8.637120041,3.350,2.5133,defect
4059,42.43351179,-8.637115955,3.346,2.4488,defect
4079,42.43351364,-8.637111765,3.348,2.4362,defect
4099,42.43351553,-8.637107702,3.344,2.4257,defect
4120,42.43351751,-8.637103253,3.361,2.4427,defect
4140,42.4335194,-8.637099243,3.364,2.4457,defect
4159,42.43352135,-8.637095012,3.356,2.4377,defect
4174,42.43352312,-8.637091376,3.368,2.4443,defect
4195,42.43352496,-8.63708764,3.367,2.4433,defect
4213,42.43352658,-8.637083946,3.378,2.4597,defect
4232,42.43352834,-8.637080222,3.371,2.4527,defect
4250,42.43353005,-8.637076228,3.371,2.4364,defect
4267,42.43353155,-8.637072607,3.371,2.3140,defect
4285,42.43353322,-8.637069049,3.369,2.2712,defect
4303,42.43353479,-8.6370653,3.375,2.2827,defect
4319,42.43353629,-8.637061833,3.366,2.2846,defect
4335,42.43353775,-8.637058218,3.363,2.2816,defect
4353,42.43353936,-8.637054505,3.369,2.2767,defect
4371,42.43354102,-8.637050668,3.389,2.2559,defect
4390,42.43354298,-8.637046766,3.389,2.1906,defect
4409,42.43354481,-8.637042724,3.381,2.1387,defect
4429,42.43354674,-8.637038726,3.371,2.1100,defect
4450,42.43354884,-8.637034604,3.369,2.1080,defect
4470,42.43355095,-8.637030553,3.371,2.1141,defect
4491,42.43355307,-8.637026135,3.377,2.1324,defect
4509,42.43355516,-8.637021912,3.390,2.1474,defect
4533,42.4335572,-8.637017616,3.402,2.1655,defect
4552,42.4335592,-8.637013736,3.381,2.1472,defect
4572,42.43356119,-8.637009436,3.410,2.1708,defect
4592,42.43356336,-8.637005183,3.411,2.7457,pipe
4609,42.43356503,-8.637001666,3.399,2.7636,pipe
4629,42.43356685,-8.636997868,3.420,2.6649,pipe
4648,42.43356909,-8.636994069,3.379,2.5532,pipe
4668,42.43357115,-8.636990198,3.389,,
4689,42.43357325,-8.636985876,3.431,,
4709,42.43357563,-8.636982058,3.395,,
4729,42.4335779,-8.636978101,3.392,,
4750,42.43358014,-8.636974138,3.411,,
4769,42.43358253,-8.636970343,3.381,,
4787,42.43358446,-8.636966744,3.390,,
4803,42.43358602,-8.636963235,3.416,,
4818,42.43358795,-8.636960593,3.387,,
4829,42.43358948,-8.636958089,3.399,,
1,42.4335977,-8.636960197,3.403,,
3,42.43359766,-8.636960418,3.387,,
16,42.4335965,-8.63696301,3.404,,
33,42.43359491,-8.636966155,3.410,,
51,42.43359327,-8.636969805,3.395,,
69,42.43359147,-8.63697359,3.407,,
86,42.43358977,-8.636977043,3.392,,
104,42.43358792,-8.636980794,3.395,,
125,42.43358595,-8.63698488,3.406,,
143,42.43358387,-8.636988721,3.389,,
157,42.43358224,-8.63699172,3.400,,
170,42.43358052,-8.636994294,3.412,,
185,42.43357881,-8.63699723,3.410,,
199,42.43357711,-8.637000063,3.384,2.653,pipe
214,42.43357548,-8.63700289,3.386,2.764,pipe
230,42.43357352,-8.637005882,3.388,2.791,pipe
247,42.43357169,-8.637009159,3.368,2.700,pipe
264,42.43356976,-8.637012185,3.345,2.541,pipe
280,42.43356792,-8.637015151,3.339,,
299,42.43356574,-8.637018262,3.366,,
314,42.43356407,-8.637021198,3.362,,
329,42.43356233,-8.637024175,3.352,,
346,42.43356058,-8.63702747,3.376,,
364,42.43355885,-8.637031029,3.355,,
380,42.43355702,-8.637034434,3.368,,
395,42.43355559,-8.637037417,3.368,,
412,42.43355391,-8.63704071,3.361,,
431,42.43355194,-8.637044601,3.375,,
450,42.43355012,-8.637048383,3.377,,
468,42.43354841,-8.637051972,3.369,,
484,42.43354681,-8.63705529,3.376,,
498,42.43354514,-8.637058809,3.366,,
517,42.43354351,-8.637062261,3.365,,
534,42.43354184,-8.637065781,3.365,,
552,42.43354021,-8.637069257,3.368,,
569,42.43353853,-8.637072927,3.383,,
586,42.43353686,-8.637076411,3.367,,
604,42.43353504,-8.637080169,3.378,,
620,42.43353356,-8.637083606,3.377,,
639,42.43353165,-8.637087361,3.374,,
658,42.43352994,-8.63709111,3.352,,
675,42.43352826,-8.637094625,3.358,,
692,42.43352663,-8.637098281,3.349,,
709,42.43352493,-8.637101808,3.366,,
727,42.43352304,-8.637105525,3.360,,
745,42.43352132,-8.637109233,3.377,2.247,defect
762,42.43351929,-8.637112843,3.368,2.205,defect
780,42.43351755,-8.637116437,3.364,2.254,defect
796,42.43351577,-8.637119696,3.372,2.454,defect
813,42.43351401,-8.637122941,3.386,2.642,defect
833,42.43351213,-8.637126721,3.381,2.535,defect
852,42.43351013,-8.637130433,3.380,2.114,defect
871,42.43350821,-8.637134479,3.375,2.207,defect
891,42.43350599,-8.637138485,3.380,1.999,defect
912,42.43350403,-8.637142484,3.366,2.527,defect
933,42.43350201,-8.637146807,3.371,2.444,defect
954,42.43350002,-8.637151197,3.375,2.432,defect
975,42.43349801,-8.637155501,3.364,,
994,42.43349597,-8.63715959,3.361,,
1012,42.43349414,-8.637163353,3.362,,
1030,42.43349243,-8.637166903,3.381,,
1050,42.43349049,-8.637170916,3.361,,
1069,42.43348872,-8.637174696,3.373,,
1089,42.43348674,-8.63717895,3.373,,
1106,42.43348504,-8.637182682,3.365,,
1124,42.43348338,-8.637186318,3.366,,
1139,42.43348157,-8.637190282,3.362,,
1162,42.43347963,-8.637194059,3.361,,
1182,42.43347763,-8.637198378,3.362,,
1201,42.43347548,-8.637202345,3.359,,
1220,42.4334733,-8.637206157,3.360,,
1239,42.43347107,-8.637209422,3.367,,
1252,42.43346912,-8.637212384,3.379,,
1272,42.43346672,-8.63721576,3.370,3.279,bump
1291,42.43346473,-8.637219218,3.377,3.286,bump
1309,42.43346257,-8.637222648,3.365,3.274,bump
1328,42.43346056,-8.63722601,3.373,3.276,bump
1348,42.43345832,-8.637229781,3.363,3.255,bump
1367,42.43345631,-8.637233556,3.373,3.260,bump
1386,42.43345443,-8.637237471,3.349,3.230,bump
1404,42.43345265,-8.637240986,3.369,3.245,bump
1423,42.4334507,-8.637244702,3.368,3.244,bump
1444,42.43344873,-8.637248739,3.337,3.218,bump
1462,42.43344696,-8.637252926,3.302,3.189,bump
1480,42.43344512,-8.637256579,3.337,3.224,bump
1500,42.43344325,-8.637260696,3.283,3.170,bump
1517,42.43344148,-8.637264371,3.294,3.181,bump
1535,42.43343978,-8.637268068,3.276,3.168,bump
1551,42.43343829,-8.637271486,3.282,3.174,bump
1566,42.43343678,-8.637274568,3.300,3.192,bump
1,42.43344252,-8.637285857,3.364,,
4,42.43344275,-8.637285393,3.379,3.3148,bump
17,42.4334437,-8.637283098,3.373,3.3034,bump
32,42.43344533,-8.637280126,3.356,3.2755,bump
50,42.43344697,-8.637276728,3.363,3.2716,bump
69,42.43344883,-8.637272935,3.368,3.2766,bump
89,42.43345066,-8.637269027,3.358,3.2666,bump
107,42.43345241,-8.637265118,3.373,3.2816,bump
126,42.43345416,-8.637261173,3.394,3.3026,bump
144,42.43345597,-8.637257426,3.367,3.2756,bump
161,42.43345753,-8.637253749,3.413,3.327,bump
179,42.43345926,-8.637250045,3.402,3.3215,bump
195,42.43346073,-8.637246504,3.410,3.3349,bump
213,42.43346242,-8.63724312,3.413,3.3434,bump
229,42.43346409,-8.637239376,3.397,3.3274,bump
245,42.43346568,-8.637236135,3.409,3.3394,bump
262,42.43346732,-8.637232968,3.387,3.3174,bump
276,42.43346884,-8.63722978,3.440,3.3704,bump
291,42.43347046,-8.637226866,3.369,3.3048,bump
305,42.43347199,-8.637223941,3.342,,
319,42.43347336,-8.63722105,3.347,,
331,42.43347468,-8.637218644,3.354,,
340,42.43347586,-8.637216418,3.357,,
352,42.43347678,-8.637214495,3.349,,
369,42.43347557,-8.637210877,4.359,,
388,42.43347736,-8.637207049,4.296,,
406,42.43347933,-8.637203328,4.296,,
421,42.43348081,-8.637200284,4.275,,
437,42.43348236,-8.637197029,4.291,,
453,42.43348409,-8.637193759,4.244,,
470,42.43348579,-8.637190269,4.237,,
486,42.43348736,-8.637187202,4.232,,
503,42.43348913,-8.637183987,4.248,,
518,42.43349059,-8.637180616,4.206,,
527,42.43349177,-8.637178299,4.193,,
533,42.43349225,-8.637177247,4.180,,
536,42.43349264,-8.637176916,4.163,,
541,42.43349283,-8.637176126,4.148,,
557,42.43349401,-8.637173628,4.146,,
573,42.4334955,-8.637170221,4.135,,
590,42.43349714,-8.637166838,4.149,,
605,42.43349849,-8.637163645,4.136,,
619,42.43349979,-8.637160721,4.144,,
635,42.43350113,-8.63715757,4.116,,
651,42.43350267,-8.637154365,4.111,,
669,42.4335043,-8.637150717,4.093,,
689,42.43350607,-8.63714643,4.085,3.6128,defect
710,42.43350795,-8.637142334,4.075,3.6082,defect
728,42.43350978,-8.637138326,4.085,3.6019,defect
747,42.4335115,-8.637134771,4.087,3.5441,defect
766,42.43351347,-8.637130696,4.068,3.4897,defect
787,42.4335152,-8.637127029,4.083,3.4712,defect
808,42.43351739,-8.637122894,4.098,3.4844,defect
828,42.43351932,-8.637118748,4.099,3.5398,defect
849,42.43352101,-8.637115126,4.152,3.6744,defect
868,42.43352387,-8.637108593,3.772,3.3161,defect
887,42.43352503,-8.637106517,4.017,3.5611,defect
906,42.43352777,-8.637100816,3.727,,
925,42.43352941,-8.63709706,3.726,2.8567,defect
944,42.43353067,-8.637094387,3.891,2.9945,defect
966,42.43353331,-8.637088938,3.705,2.7541,defect
986,42.43353514,-8.637085103,3.743,2.7758,defect
1005,42.43353673,-8.637081757,3.787,2.8089,defect
1024,42.43356057,-8.637081965,6.424,5.4105,defect
1040,42.43355951,-8.637082109,6.915,5.8372,defect
1057,42.43356121,-8.637078793,6.910,5.7442,defect
1076,42.43356407,-8.637073556,6.742,,
1094,42.43356476,-8.637071352,6.895,,
1113,42.43356644,-8.637067575,6.915,,
1125,42.4335684,-8.63706363,6.810,,
1146,42.43357045,-8.637059241,6.745,,
1160,42.4335719,-8.637055985,6.708,,
1172,42.43357297,-8.637053221,6.745,,
1187,42.43357435,-8.637050011,6.737,,
1205,42.43357616,-8.637046132,6.710,,
1222,42.43357782,-8.637042301,6.692,,
1243,42.43357978,-8.637037853,6.648,,
1261,42.43358155,-8.637033272,6.635,,
1282,42.43358361,-8.637028847,6.622,,
1301,42.43358556,-8.637025157,6.590,,
1322,42.43359054,-8.637024026,5.928,5.0913,pipe
1341,42.43358966,-8.637017039,6.510,5.8202,pipe
1360,42.43359215,-8.637013376,6.397,5.7671,pipe
1377,42.43359603,-8.63701197,5.952,5.284,pipe
1397,42.43359572,-8.637005512,6.420,5.6105,pipe
1419,42.43359716,-8.637000245,6.570,,
1440,42.43359899,-8.636995265,6.651,,
1460,42.43360087,-8.636990675,6.721,,
1480,42.43360322,-8.636987114,6.663,,
1498,42.43360542,-8.636983707,6.624,,
1518,42.4336076,-8.636980056,6.568,,
1535,42.43360958,-8.636976592,6.573,,
1552,42.43360111,-8.636970134,4.912,,
1568,42.43360276,-8.636966507,4.910,,
1,42.43361415,-8.636958475,5.143,,
3,42.43361359,-8.636959919,5.157,,
15,42.43361234,-8.636962434,5.123,,
29,42.43361114,-8.636965097,5.164,,
44,42.43361073,-8.636976181,6.884,,
61,42.43361114,-8.636974667,6.073,4.839,defect
79,42.43360959,-8.636977616,5.853,4.619,defect
97,42.43361545,-8.636983337,6.915,5.692,defect
117,42.43361446,-8.63698682,6.870,5.722,defect
137,42.43361264,-8.636990672,6.967,5.880,defect
154,42.43361108,-8.636994309,6.971,5.824,defect
173,42.43360781,-8.637000303,7.287,6.151,defect
193,42.43360613,-8.637003626,7.451,6.277,defect
213,42.43360412,-8.637007621,7.522,6.315,defect
233,42.43360183,-8.637010163,7.484,6.147,defect
254,42.43360227,-8.637016538,7.042,6.260,pipe
277,42.43360082,-8.637021216,6.920,6.132,pipe
299,42.43359824,-8.637027223,6.942,5.969,pipe
321,42.43358917,-8.637027794,8.358,7.081,pipe
342,42.43358688,-8.637032445,8.368,,
362,42.43358527,-8.6370369,8.220,,
383,42.43358334,-8.637041296,8.140,,
404,42.43358188,-8.637045799,7.944,,
426,42.43358116,-8.637049338,7.650,,
449,42.43357812,-8.637055748,7.800,,
471,42.43357627,-8.637060497,7.701,,
493,42.43357423,-8.637065073,7.690,,
515,42.4335701,-8.637070507,7.551,,
537,42.43356837,-8.637074856,7.441,,
559,42.43356719,-8.637078465,7.245,,
580,42.43356631,-8.637082237,7.225,,
602,42.43356359,-8.637086446,7.077,,
623,42.43356162,-8.637090553,7.072,,
642,42.43355981,-8.637094903,7.043,,
662,42.43355882,-8.637098807,7.050,,
683,42.43355698,-8.637103422,7.063,,
705,42.43354501,-8.63710358,5.316,,
724,42.43354323,-8.637108208,5.400,,
744,42.43354141,-8.637111577,5.232,,
764,42.43353915,-8.637116974,5.413,,
786,42.43353728,-8.637121432,5.404,,
807,42.43353508,-8.637125707,5.393,,
828,42.43353294,-8.637129837,5.412,,
850,42.43353032,-8.637135026,5.537,,
873,42.43352805,-8.637139577,5.552,,
897,42.43352588,-8.637144322,5.487,,
919,42.43352371,-8.637148452,5.419,,
943,42.4335216,-8.637152895,5.364,,
965,42.4335196,-8.63715765,5.355,,
987,42.43351741,-8.637162288,5.336,,
1010,42.43351534,-8.63716724,5.362,,
1033,42.43351323,-8.637171861,5.307,,
1056,42.43351128,-8.637175997,5.215,,
1079,42.4335091,-8.637181412,5.333,,
1103,42.43350688,-8.637186547,5.355,,
1125,42.43350474,-8.637191431,5.347,3.259,defect
1146,42.43350268,-8.637196228,5.445,3.423,defect
1171,42.43350053,-8.637200929,5.359,3.423,defect
1196,42.43349849,-8.637206061,5.348,3.418,defect
1220,42.43349159,-8.637211156,4.834,2.835,defect
1241,42.43348957,-8.637215696,4.831,2.749,defect
1262,42.43348749,-8.637220053,4.804,,
1284,42.43348512,-8.637225414,4.945,,
1300,42.43348357,-8.637228972,4.894,,
1311,42.43348241,-8.637230712,4.795,,
1323,42.4334816,-8.637232428,4.721,4.641,bump
1335,42.43348043,-8.637235446,4.801,4.710,bump
1350,42.43347893,-8.637237727,4.867,4.767,bump
1371,42.43347675,-8.63724253,4.967,4.859,bump
1392,42.43347488,-8.637246358,4.853,4.740,bump
1410,42.43347306,-8.637250078,4.867,4.748,bump
1432,42.43347091,-8.637254523,4.829,4.710,bump
1457,42.43346864,-8.637259469,4.837,4.718,bump
1481,42.43346643,-8.6372644,4.842,4.729,bump
1503,42.43346453,-8.637268502,4.821,4.713,bump
1525,42.43346248,-8.637272888,4.725,4.628,bump
1547,42.43346049,-8.637276874,4.667,4.577,bump
1566,42.43345903,-8.637280707,4.590,4.510,bump
1582,42.43345752,-8.637283864,4.591,4.521,bump
1602,42.43345595,-8.637288178,4.546,4.476,bump
1619,42.43345405,-8.637291103,4.614,4.550,bump
1635,42.43345266,-8.637295281,4.538,4.474,bump
1,42.43346273,-8.637296098,4.025,,
2,42.43346359,-8.637295384,4.011,,
15,42.43346464,-8.637292947,3.986,3.888,bump
32,42.43346612,-8.63728938,3.998,3.907,bump
47,42.43346775,-8.637286506,3.983,3.895,bump
63,42.43346905,-8.63728226,4.074,3.990,bump
80,42.43347051,-8.637279135,4.021,3.946,bump
99,42.43347243,-8.637275087,4.036,3.961,bump
117,42.4334741,-8.637270838,4.077,4.007,bump
135,42.4334757,-8.637267148,4.086,4.022,bump
152,42.43347724,-8.637263386,4.070,4.011,bump
169,42.43347879,-8.637259744,4.108,4.049,bump
185,42.43348025,-8.637256709,4.073,4.014,bump
203,42.43348172,-8.637253025,4.086,4.027,bump
222,42.43348342,-8.637249063,4.115,4.056,bump
239,42.4334851,-8.637245365,4.135,4.065,bump
255,42.43348667,-8.637241616,4.169,,
270,42.43348818,-8.637238407,4.194,,
284,42.43348952,-8.6372335,4.424,,
298,42.43349075,-8.637230625,4.386,,
314,42.4334922,-8.637227807,4.346,,
333,42.43349393,-8.637224,4.307,,
352,42.43349569,-8.637220367,4.298,,
371,42.43349741,-8.637216472,4.281,,
390,42.4334992,-8.637212667,4.277,,
409,42.43350284,-8.637208885,4.471,,
427,42.43350458,-8.637205053,4.482,,
446,42.43350854,-8.637201437,4.718,,
464,42.43351037,-8.637197519,4.710,,
715,42.43352832,-8.637144897,3.311,,
716,42.43352829,-8.637144787,3.327,,
721,42.4335287,-8.637144012,3.312,,
735,42.43352991,-8.63714129,3.306,,
749,42.43353128,-8.637138277,3.280,,
763,42.43353258,-8.637135545,3.288,,
778,42.43353406,-8.637132455,3.294,,
797,42.43353572,-8.637128745,3.302,,
814,42.43353733,-8.637125302,3.306,,
830,42.43353887,-8.637121911,3.304,,
846,42.43354045,-8.637118554,3.308,,
862,42.43354191,-8.637115255,3.301,,
879,42.43354367,-8.63711166,3.313,,
897,42.43354532,-8.637107898,3.322,,
914,42.43354695,-8.637104352,3.310,,
930,42.43354846,-8.637101175,3.332,,
948,42.43355018,-8.637097426,3.332,,
964,42.43355166,-8.637094027,3.313,,
982,42.43355326,-8.637090316,3.334,,
999,42.433555,-8.637086774,3.335,,
1017,42.4335567,-8.637082977,3.337,,
1035,42.43355839,-8.637079252,3.339,2.051,defect
1053,42.43356013,-8.637075503,3.336,2.161,defect
1070,42.43356165,-8.637072022,3.330,2.221,defect
1088,42.43356342,-8.63706825,3.348,2.272,defect
1105,42.43356496,-8.637064496,3.328,2.060,defect
1121,42.43356644,-8.637060926,3.315,,
1137,42.43356786,-8.637057761,3.326,,
1154,42.43356935,-8.637054087,3.297,,
1171,42.43357098,-8.637050618,3.305,,
1188,42.43357261,-8.637047101,3.299,,
1205,42.43357429,-8.63704349,3.308,,
1221,42.43357584,-8.637040166,3.311,,
1236,42.43357742,-8.637037166,3.313,,
1255,42.43357928,-8.637033086,3.313,,
1273,42.43358132,-8.637029597,3.331,,
1292,42.43358321,-8.637026036,3.365,,
1310,42.4335853,-8.637022051,3.330,2.597,pipe
1330,42.43358722,-8.637018283,3.355,2.682,pipe
1350,42.43358931,-8.637014316,3.381,2.758,pipe
1367,42.43359115,-8.63701097,3.347,2.677,pipe
1380,42.43359286,-8.637008214,3.322,2.536,pipe
1396,42.43359443,-8.637005206,3.330,,
1412,42.4335959,-8.637001725,3.345,,
1431,42.43359775,-8.636998362,3.251,2.728,defect
1450,42.43359945,-8.636994328,3.252,2.812,defect
1468,42.43360138,-8.636990379,3.344,2.883,defect
1489,42.43360368,-8.636986478,3.250,2.734,defect
1510,42.4336055,-8.6369822,3.306,,
1531,42.4336077,-8.636977933,3.297,,
1550,42.43360925,-8.636973761,3.332,,
1569,42.433611,-8.636969724,3.340,,
1587,42.433613,-8.636965964,3.318,,
1602,42.43361445,-8.636962824,3.312,,
1618,42.43361604,-8.63695928,3.313,,
1634,42.43362117,-8.636956997,3.316,,
1635,42.43362127,-8.636957546,3.258,,
1648,42.43362039,-8.636959941,3.260,,
1664,42.43361885,-8.636963235,3.300,,
1680,42.4336175,-8.636966937,3.250,,
1697,42.43361575,-8.636970728,3.252,,
1715,42.43361409,-8.636974592,3.229,,
1733,42.43361221,-8.63697814,3.263,,
1754,42.43361021,-8.636982245,3.251,,
1775,42.43360823,-8.636986454,3.259,,
1795,42.43360627,-8.636990696,3.308,,
1818,42.43360412,-8.636995537,3.276,,
1838,42.43360259,-8.636999987,3.304,,
1856,42.43360061,-8.637003672,3.310,,
1874,42.43359882,-8.637007516,3.290,2.350,pipe
1894,42.43359685,-8.637011388,3.291,2.489,pipe
1912,42.43359469,-8.63701486,3.358,2.750,pipe
1932,42.43359294,-8.637018995,3.290,2.617,pipe
1952,42.43359076,-8.637022966,3.334,2.563,pipe
1973,42.43358936,-8.63702788,3.245,,
1993,42.43358756,-8.637032252,3.335,,
2012,42.43358533,-8.637035892,3.153,,
2030,42.43358378,-8.637039598,3.149,,
2049,42.43358211,-8.637043503,3.202,,
2068,42.43358031,-8.637047525,3.223,,
2087,42.43357832,-8.63705138,3.208,,
2108,42.43357682,-8.637056388,3.258,,
2130,42.43357473,-8.637060914,3.239,,
2149,42.43357309,-8.637065218,3.308,,
2168,42.43357109,-8.637068938,3.247,,
2188,42.43356937,-8.637073145,3.285,,
2209,42.43356734,-8.63707753,3.283,,
2229,42.43356533,-8.637081934,3.296,,
2249,42.43356346,-8.637086023,3.294,,
2269,42.43356139,-8.637090057,3.281,2.847,defect
2288,42.43355975,-8.637094188,3.271,2.801,defect
2309,42.43355786,-8.637098258,3.294,2.782,defect
2331,42.43355565,-8.637102785,3.284,2.736,defect
2350,42.43355389,-8.637107112,3.284,2.710,defect
2368,42.43355216,-8.637110701,3.283,2.679,defect
2389,42.43355018,-8.637114947,3.293,2.659,defect
2412,42.43354805,-8.637119675,3.273,2.608,defect
2432,42.43354612,-8.637124061,3.289,2.602,defect
2451,42.43354423,-8.637127971,3.306,2.611,defect
2471,42.43354223,-8.637132167,3.300,,
2490,42.43354051,-8.637136144,3.306,,
2511,42.43353848,-8.637140368,3.288,,
2533,42.43353619,-8.637145001,3.311,,
2556,42.43353397,-8.637149598,3.308,2.624,defect
2577,42.43353172,-8.637154008,3.297,2.611,defect
2599,42.43352951,-8.637158424,3.316,2.630,defect
2620,42.43352741,-8.637162669,3.283,2.778,defect
2643,42.43352513,-8.63716746,3.311,2.779,defect
2665,42.43352304,-8.637171785,3.301,2.736,defect
2687,42.43352094,-8.637176305,3.296,2.742,defect
2708,42.43351872,-8.637180598,3.288,2.702,defect
2728,42.43351678,-8.637184781,3.291,2.699,defect
2748,42.43351477,-8.637188983,3.276,2.686,defect
2771,42.43351266,-8.637193452,3.291,2.656,defect
2793,42.43351061,-8.637198102,3.287,2.652,defect
2815,42.43350853,-8.637202636,3.301,,
2835,42.43350649,-8.637207006,3.292,,
2855,42.43350463,-8.637211108,3.290,,
2878,42.43350254,-8.637215611,3.298,,
2899,42.43350039,-8.637220113,3.302,,
2921,42.43349836,-8.637224665,3.297,,
2942,42.43349626,-8.63722903,3.294,,
2962,42.43349411,-8.637233033,3.325,,
2979,42.43349225,-8.637237067,3.313,,
2997,42.43349054,-8.63724056,3.322,3.231,bump
3015,42.43348864,-8.637244542,3.302,3.211,bump
3023,42.43348783,-8.637246483,3.312,3.221,bump
3025,42.43348746,-8.637247148,3.309,3.218,bump
3026,42.43348737,-8.63724742,3.306,3.215,bump
3027,42.43348729,-8.637247524,3.286,3.195,bump
3030,42.43348721,-8.637247525,3.276,3.185,bump
3040,42.43348619,-8.637249794,3.267,3.181,bump
3054,42.43348489,-8.637252366,3.261,3.181,bump
3073,42.43348328,-8.637256134,3.246,3.175,bump
3093,42.43348121,-8.63726031,3.258,3.194,bump
3114,42.43347908,-8.637264464,3.267,3.203,bump
3135,42.43347688,-8.637268639,3.248,3.184,bump
3157,42.43347465,-8.637273073,3.244,3.174,bump
3179,42.43347223,-8.637277433,3.215,3.140,bump
3199,42.43347005,-8.637281565,3.247,3.167,bump
3221,42.43346787,-8.6372858,3.237,3.151,bump
3241,42.43346554,-8.637289759,3.252,3.161,bump
3281,42.4334618,-8.637297977,3.203,3.101,bump
3301,42.43346,-8.637301701,3.218,3.099,bump
3319,42.43345782,-8.637304567,3.288,3.159,bump
3339,42.43345615,-8.637308838,3.306,3.171,bump
3353,42.43345429,-8.637312226,3.301,3.166,bump
3369,42.43345312,-8.63731555,3.328,3.193,bump
3393,42.43345099,-8.637320341,3.340,3.205,bump
3414,42.43344933,-8.637324955,3.303,3.168,bump
3432,42.43344779,-8.637329163,3.268,3.133,bump
3452,42.43344608,-8.637333099,3.273,3.144,bump
3469,42.43344446,-8.637337047,3.279,3.150,bump
3486,42.43344303,-8.637340736,3.289,3.160,bump
3501,42.43344162,-8.637343961,3.310,3.181,bump
3520,42.43344006,-8.63734766,3.311,3.187,bump
3537,42.43343847,-8.637351726,3.323,3.199,bump
3551,42.43343714,-8.637354741,3.337,3.218,bump
3566,42.43343595,-8.637358115,3.290,3.177,bump
3577,42.43343468,-8.637360894,3.263,3.155,bump
3597,42.43343311,-8.637364708,3.297,3.189,bump
3618,42.43343128,-8.637369191,3.212,3.112,bump
3641,42.43342928,-8.637374021,3.232,3.141,bump
3662,42.43342747,-8.637378544,3.222,3.140,bump
3682,42.43342559,-8.637382954,3.209,3.134,bump
3704,42.43342373,-8.637387523,3.238,3.174,bump
3722,42.43342212,-8.637391476,3.237,3.173,bump
3743,42.43342011,-8.637395546,3.228,3.164,bump
3763,42.43341861,-8.637399954,3.202,3.138,bump
3785,42.43341691,-8.637404305,3.202,3.138,bump
3806,42.43341505,-8.637408955,3.193,,
3825,42.43341324,-8.637412944,3.201,,
3845,42.43341155,-8.637417704,3.216,,
3866,42.43340981,-8.637422115,3.236,,
3888,42.4334079,-8.637426732,3.207,,
3910,42.43340642,-8.637431393,3.228,,
3929,42.43340485,-8.637435513,3.221,,
3950,42.4334032,-8.63744012,3.251,,
3969,42.43340165,-8.637444503,3.211,,
3989,42.4334002,-8.637448689,3.230,,
4007,42.43339863,-8.637452826,3.230,,
4025,42.43339715,-8.637456719,3.248,,
4042,42.43339582,-8.637460363,3.232,,
4057,42.43339428,-8.637464057,3.240,,
4073,42.4333932,-8.637467284,3.252,,
4090,42.4333919,-8.637471293,3.231,,
4101,42.43339094,-8.637473974,3.240,,
